{
    "args": {
        "bandwidth": 16000,
        "batch_size": 16,
        "dataset": "sourcefolder",
        "epochs": 100,
        "ext": ".wav",
        "hidden_size": 512,
        "interferer_dirs": [
            "interfer",
            "sparrow_call",
            "titli_call"
        ],
        "lr": 0.001,
        "lr_decay_gamma": 0.3,
        "lr_decay_patience": 50,
        "model": null,
        "nb_channels": 1,
        "nb_train_samples": 105,
        "nb_valid_samples": 33,
        "nb_workers": 3,
        "nfft": 512,
        "nhop": 160,
        "no_cuda": false,
        "output": "open-unmix-512",
        "patience": 140,
        "quiet": false,
        "root": "/home/maulik/Desktop/Maulik_Gupta/Documents/jatayu_open-unmix-discontinued/datasets/data",
        "seed": 42,
        "seq_dur": 5.0,
        "source_augmentations": [
            "gain",
            "channelswap"
        ],
        "target": "crow_call",
        "target_dir": "crow_call",
        "unidirectional": false,
        "weight_decay": 1e-05
    },
    "best_epoch": 88,
    "best_loss": 0.5124433766486067,
    "commit": "93077eb",
    "epochs_trained": 100,
    "num_bad_epochs": 12,
    "train_loss_history": [
        2.1873111336004167,
        0.6964135311898731,
        0.3314733780565716,
        0.30781201748620896,
        0.35218340768700557,
        0.3046452896935599,
        0.22833610829852877,
        0.18975905861173356,
        0.42821464453424724,
        0.41404499922479904,
        0.4347335403873807,
        0.37357339859008787,
        0.2725196287745521,
        0.3155223460424514,
        0.2969580187684014,
        0.2696883769971984,
        0.19843701535747166,
        0.19792362777959732,
        0.19397288035778773,
        0.2435351966392426,
        0.34524287553060623,
        0.281219345331192,
        0.24691692704246157,
        0.1837702262969244,
        0.2283288856347402,
        0.22949991268771036,
        0.21615134278933207,
        0.1577442630415871,
        0.1458424999600365,
        0.14247413057656516,
        0.19739426516351247,
        0.15387696212246305,
        0.257721734898431,
        0.14529853278682345,
        0.20839121157214754,
        0.20892649732884908,
        0.18595210668586548,
        0.1460270214648474,
        0.18588238528796605,
        0.2007823971055803,
        0.18442888770784652,
        0.19129639424028852,
        0.1698501704704194,
        0.19092341313759487,
        0.12301435087408338,
        0.2136122932746297,
        0.16044602117368154,
        0.15826212763786315,
        0.2008692937237876,
        0.14271022436164674,
        0.12239211854480561,
        0.15706103699547905,
        0.10399705547662008,
        0.1285369088607175,
        0.12374895697548276,
        0.13281435597510566,
        0.11735259429329918,
        0.1403814503834361,
        0.09208442597162156,
        0.1494933477469853,
        0.13991562638963972,
        0.13841928506181353,
        0.12655805292583647,
        0.12590738776184263,
        0.12438493825140454,
        0.1468973022841272,
        0.12079548651263827,
        0.09170996858960107,
        0.09131339781341098,
        0.18463843652889841,
        0.10416567105622519,
        0.10475629986751647,
        0.10374365676017035,
        0.141447461219061,
        0.1451066601134482,
        0.133279816309611,
        0.10501263851211184,
        0.0855324041275751,
        0.06920000917854763,
        0.11465672382286617,
        0.09539440047173273,
        0.08875572922683897,
        0.09842596295334044,
        0.1304426437687306,
        0.122784766129085,
        0.1425993606093384,
        0.15290323016898974,
        0.09986737540790012,
        0.13772623922143665,
        0.13032210568586985,
        0.11793839860530127,
        0.1378445820794219,
        0.147905546497731,
        0.10178611690089816,
        0.14120369170393263,
        0.10042128633885157,
        0.13280174703825087,
        0.12673747596286591,
        0.07777612046116875,
        0.06702824557820956
    ],
    "train_time_history": [
        38.971678733825684,
        26.441050052642822,
        22.690296173095703,
        19.74860191345215,
        15.62163257598877,
        15.242914915084839,
        15.842525005340576,
        14.443861961364746,
        15.251618385314941,
        14.57856798171997,
        14.689518213272095,
        14.376974821090698,
        14.080799102783203,
        14.074190855026245,
        14.127911567687988,
        13.937086343765259,
        14.448718309402466,
        13.983257055282593,
        13.715611219406128,
        14.164939641952515,
        14.232716798782349,
        14.561102151870728,
        16.61173367500305,
        29.29055905342102,
        15.724403381347656,
        14.111418008804321,
        13.976491451263428,
        13.900395154953003,
        13.555463075637817,
        14.483741283416748,
        14.287595748901367,
        13.521483182907104,
        13.699378728866577,
        14.141746759414673,
        14.240585088729858,
        14.035054683685303,
        14.405279874801636,
        14.740227222442627,
        13.73116159439087,
        14.113927125930786,
        13.972716569900513,
        14.099618434906006,
        14.319138288497925,
        14.625397682189941,
        14.567005634307861,
        14.561946392059326,
        14.419946193695068,
        13.501188039779663,
        14.244932174682617,
        14.353278875350952,
        14.053536415100098,
        14.271325588226318,
        14.464208602905273,
        13.966956615447998,
        14.088527202606201,
        14.444154262542725,
        14.080913782119751,
        14.600671291351318,
        15.001705884933472,
        13.998078346252441,
        13.888170719146729,
        14.438356399536133,
        13.99385690689087,
        13.98396110534668,
        13.99258828163147,
        14.36935019493103,
        14.366476058959961,
        13.931690692901611,
        14.28194546699524,
        14.121697664260864,
        13.697295665740967,
        13.866528511047363,
        13.71754264831543,
        13.9569091796875,
        13.868276596069336,
        13.719869375228882,
        14.068034887313843,
        14.388657093048096,
        15.65087890625,
        15.338049411773682,
        13.984394550323486,
        13.79348349571228,
        13.80643606185913,
        13.599304914474487,
        14.117512464523315,
        14.728103399276733,
        14.296643257141113,
        14.206565380096436,
        14.050857782363892,
        13.352191925048828,
        13.71359395980835,
        13.510468482971191,
        13.561068058013916,
        13.945903539657593,
        13.721115827560425,
        13.778225421905518,
        13.552379608154297,
        13.413430213928223,
        13.65061092376709
    ],