{
    "args": {
        "bandwidth": 16000,
        "batch_size": 16,
        "dataset": "sourcefolder",
        "epochs": 100,
        "ext": ".wav",
        "hidden_size": 512,
        "interferer_dirs": [
            "interfer",
            "sparrow_call",
            "crow_call"
        ],
        "lr": 0.001,
        "lr_decay_gamma": 0.3,
        "lr_decay_patience": 50,
        "model": null,
        "nb_channels": 1,
        "nb_train_samples": 345,
        "nb_valid_samples": 50,
        "nb_workers": 3,
        "nfft": 512,
        "nhop": 160,
        "no_cuda": false,
        "output": "open-unmix-titli",
        "patience": 140,
        "quiet": false,
        "root": "/home/maulik/Desktop/Maulik_Gupta/Documents/jatayu_open-unmix-discontinued/datasets/data",
        "seed": 42,
        "seq_dur": 5.0,
        "source_augmentations": [
            "gain",
            "channelswap"
        ],
        "target": "titli_call",
        "target_dir": "titli_call",
        "unidirectional": false,
        "weight_decay": 1e-05
    },
    "best_epoch": 90,
    "best_loss": 0.2124653797596693,
    "commit": "93077eb",
    "epochs_trained": 100,
    "num_bad_epochs": 10,
    "train_loss_history": [
        1.2489353387252145,
        0.43058060658150826,
        0.48810642663983334,
        0.35844631778157277,
        0.33987408893695775,
        0.3610551488572273,
        0.3282551432001418,
        0.359058667568193,
        0.3097379547962244,
        0.2609340314415918,
        0.23558558061502982,
        0.2935667789284734,
        0.33075971180114194,
        0.2826042469860851,
        0.4277578400528949,
        0.35174635925154757,
        0.2591994701088339,
        0.251870735961458,
        0.24972254392029583,
        0.28501894353092583,
        0.37650475329247074,
        0.30889188534971596,
        0.32980387521826704,
        0.2427694894697355,
        0.24130104445460915,
        0.23699776564819225,
        0.2621562845465066,
        0.28702433886735335,
        0.34124885745670486,
        0.29079480534014496,
        0.24840769619829411,
        0.18034576456183973,
        0.26726901373569517,
        0.26597753473813984,
        0.28810289219237756,
        0.2116823969327885,
        0.19632694885350654,
        0.22006270630636077,
        0.15478999264862225,
        0.19309079063975293,
        0.1292477040187172,
        0.20119117619334786,
        0.19875950765782507,
        0.2698191534133925,
        0.23488595140153085,
        0.2218654724134915,
        0.2218913866126019,
        0.1573325312655905,
        0.20659248643163322,
        0.16898474218188853,
        0.17720913170040517,
        0.1743161526279173,
        0.20127653460139813,
        0.1887974446018537,
        0.15918987479762756,
        0.18183144001641136,
        0.2438314621647199,
        0.2389173472273177,
        0.1919423882080161,
        0.23215984421363775,
        0.1637353644206904,
        0.1378148337205251,
        0.2187996745541476,
        0.154846466904965,
        0.197994441755008,
        0.16186656606370126,
        0.1662990148840607,
        0.16570032549941022,
        0.14262432408505593,
        0.1482869870852733,
        0.1890952131886413,
        0.23889269224111584,
        0.19389380099980727,
        0.16235295909902323,
        0.16548072838264963,
        0.1930997470582741,
        0.24607470208320065,
        0.1687054189218991,
        0.1601270660110142,
        0.12148862815853478,
        0.13420732284801593,
        0.15386012362829152,
        0.18380088495171587,
        0.11466873400453208,
        0.1591202570044476,
        0.13410942593346473,
        0.14271409688652426,
        0.15013374526431594,
        0.14464331080300222,
        0.1977150402693213,
        0.16510899939398835,
        0.1374092795278715,
        0.10649766440408817,
        0.14245575888865236,
        0.18116907222547393,
        0.1408853017333625,
        0.16763194898764291,
        0.15054315328598022,
        0.24999352403093075,
        0.2686276942923449
    ],
    "train_time_history": [
        42.861462116241455,
        40.6391077041626,
        40.27993941307068,
        38.61609101295471,
        40.5535249710083,
        39.296191930770874,
        41.01786494255066,
        40.52412533760071,
        38.27907204627991,
        40.73245882987976,
        41.05064558982849,
        40.50551962852478,
        40.56219720840454,
        40.66634202003479,
        40.58766841888428,
        40.540629863739014,
        40.46803116798401,
        40.94320321083069,
        39.84441614151001,
        39.90956687927246,
        40.162487745285034,
        39.63253736495972,
        38.40702438354492,
        40.96836280822754,
        30.231530904769897,
        30.537091970443726,
        30.051961183547974,
        29.611427307128906,
        29.55791449546814,
        30.022053241729736,
        29.510205507278442,
        29.59241533279419,
        29.53289771080017,
        30.959186553955078,
        29.89641499519348,
        29.876226902008057,
        29.902329683303833,
        29.44228768348694,
        30.7174174785614,
        29.61740517616272,
        29.705862522125244,
        30.04086208343506,
        30.383437633514404,
        29.81857466697693,
        29.70712184906006,
        29.507840633392334,
        29.83774495124817,
        29.633581161499023,
        29.85336446762085,
        32.09817552566528,
        31.726815462112427,
        30.444520711898804,
        30.024030208587646,
        29.649815320968628,
        29.95694398880005,
        30.078842878341675,
        29.632831573486328,
        30.375507831573486,
        30.537389516830444,
        29.93302083015442,
        29.574777126312256,
        30.87435483932495,
        30.64949941635132,
        30.39467692375183,
        30.91810178756714,
        32.47055459022522,
        30.079179763793945,
        29.67725920677185,
        29.633323907852173,
        30.227962732315063,
        29.49027919769287,
        29.602290153503418,
        29.92790174484253,
        29.5650851726532,
        30.297497034072876,
        30.437405586242676,
        29.605950832366943,
        29.59740376472473,
        29.658225059509277,
        29.822874307632446,
        29.80417776107788,
        30.87915015220642,
        29.620210886001587,
        29.785961866378784,
        30.00847339630127,
        30.248122692108154,
        29.879863262176514,
        30.772257804870605,
        29.97176766395569,
        29.97729516029358,
        30.206676244735718,
        29.801244258880615,
        29.69198226928711,
        29.751326084136963,
        30.293618202209473,
        29.922000885009766,
        29.614983558654785,
        29.826066255569458,
        29.78956127166748
    ],